did,username
224682953421225985,Rubenhood
182563134446370816,Dunion
335046707895205889,Loupy-96
533283577463439360,Fish Taco
542092827379892224,beckyboo
251201834411098113,bubba_k
629870514369855498,infantryboyz09
222548986806927360,coolnerdgames
173969065423929346,Shintox
639389466926120960,Suduko
377953652750417920,Micro
389979992114724864,Limit
1168414322192564296,cephalondead 
472059326123606016,take (vujjade)
808399988328497163,Primlocked
426982482064310292,shack house
133445006781448192,Goose Cowboy
148272567164207104,Mulig
454970448703258635,Bloom
692025643541594230,Herobear
529431973081645056,roberts7977
995426833136898150,Itsdaaes
105126116519346176,im_rob
741492008828403762,xfyshix
281998613729509376,LumitySomers
1041523187537674382,TheKingPin123789
155282886088589323,faithhosu
445624428957532170,flykid
248281019575173120,xnsly
643231851342725130,Fluffy
821937143152771142,Traineekee
606622529364426752,GroovyCollier
181949070192017409,Yoky
351261978096041996,Rlmiyu